Headers;Contents
Art. 922. Elemety i zakres spadku;"§ 1. Prawa i obowiązki majątkowe zmarłego przechodzą z chwilą jego śmierci na jedną lub kilka osób stosownie do przepisów księgi niniejszej.
§ 2. Nie należą do spadku prawa i obowiązki zmarłego ściśle związane z jego osobą, jak również prawa, które z chwilą jego śmierci przechodzą na oznaczone osoby niezależnie od tego, czy są one spadkobiercami.
§ 3. Do długów spadkowych należą także koszty pogrzebu spad­kodawcy w takim zakresie, w jakim pogrzeb ten odpowiada zwyczajom przyjętym w danym środowisku, koszty postępowania spadkowego, obowiązek zaspoko­jenia roszczeń o zachowek oraz obowiązek wykonania zapisów zwykłych i poleceń, jak również inne obowiązki przewidziane w przepisach księgi niniejszej."
Art. 923. Uprawnienie bliskich do korzystania z mieszkania zmarłego;"§ 1. Małżonek i inne osoby bliskie spadkodawcy, które mieszkały z nim do dnia jego śmierci, są uprawnione do korzystania w ciągu trzech miesięcy od otwarcia spadku z mieszkania i urządzenia domowego w zakresie dotychczasowym. Rozrządzenie spadkodawcy wyłączające lub ograniczające to uprawnienie jest nieważne.
§ 2. Przepisy powyższe nie ograniczają uprawnień małżonka i innych osób bliskich spadkodawcy, które wynikają z najmu lokali lub ze spółdzielczego prawa do lokalu."
Art. 924. Chwila otwarcia spadku;Spadek otwiera się z chwilą śmierci spadkodawcy.
Art. 925. Chwila nabycia spadku;Spadkobierca nabywa spadek z chwilą otwarcia spadku.
Art. 926. źródła powołania do spadku;"§ 1. Powołanie do spadku wynika z ustawy albo z testamentu.
§ 2. Dziedziczenie ustawowe co do całości spadku następuje wtedy, gdy spadkodawca nie powołał spadkobiercy albo gdy żadna z osób, które powołał, nie chce lub nie może być spadkobiercą.
§ 3. Z zastrzeżeniem wyjątków w ustawie przewidzianych, dziedziczenie ustawowe co do części spadku następuje wtedy, gdy spadkodawca nie powołał do tej części spadkobiercy albo gdy którakolwiek z kilku osób, które powołał do całości spadku, nie chce lub nie może być spadkobiercą."
Art. 927. Zdolność dziedziczenia;"§ 1. Nie może być spadkobiercą osoba fizyczna, która nie żyje w chwili otwarcia spadku, ani osoba prawna, która w tym czasie nie istnieje.
§ 2. Jednakże dziecko w chwili otwarcia spadku już poczęte może być spadkobiercą, jeżeli urodzi się żywe.
§ 3. Fundacja lub fundacja rodzinna, ustanowiona w testamencie przez spadkodawcę może być spadkobiercą, jeżeli zostanie wpisana do rejestru w ciągu dwóch lat od ogłoszenia testamentu."
Art. 928. Przesłanki uznania spadkobiercy za niegodnego;"§ 1. Spadkobierca może być uznany przez sąd za niegodnego, jeżeli:
1) dopuścił się umyślnie ciężkiego przestępstwa przeciwko spadkodawcy;
2) podstępem lub groźbą nakłonił spadkodawcę do sporządzenia lub odwołania testamentu albo w taki sam sposób przeszkodził mu w dokonaniu jednej z tych czynności;
3) umyślnie ukrył lub zniszczył testament spadkodawcy, podrobił lub przerobił jego testament albo świadomie skorzystał z testamentu przez inną osobę podrobionego lub przerobionego;
4) uporczywie uchylał się od wykonywania wobec spadkodawcy obowiązku alimentacyjnego określonego co do wysokości orzeczeniem sądowym, ugodą zawartą przed sądem albo innym organem albo inną umową;
5) uporczywie uchylał się od wykonywania obowiązku pieczy nad spadkodawcą, w szczególności wynikającego z władzy rodzicielskiej, opieki, sprawowania funkcji rodzica zastępczego, małżeńskiego obowiązku wzajemnej pomocy albo obowiązku wzajemnego szacunku i wspierania się rodzica i dziecka.
§ 2. Spadkobierca niegodny zostaje wyłączony od dziedziczenia, tak jak by nie dożył otwarcia spadku."
Art. 929. Podmioty uprawnione i termin do wniesienia żądania o uznanie spadkobiercy za niegodnego;Uznania spadkobiercy za niegodnego może żądać każdy, kto ma w tym interes. Z żądaniem takim może wystąpić w ciągu roku od dnia, w którym dowiedział się o przyczynie niegodności, nie później jednak niż przed upływem lat trzech od otwarcia spadku.
Art. 930. Przebaczenie a niegodność spadkobiercy;"§ 1. Spadkobierca nie może być uznany za niegodnego, jeżeli spadkodawca mu przebaczył.
§ 2. Jeżeli w chwili przebaczenia spadkodawca nie miał zdolności do czynności prawnych, przebaczenie jest skuteczne, gdy nastąpiło z dostatecznym rozeznaniem."
Art. 931. Spadkobiercy ustawowi powoływani w pierwszej kolejności;"§ 1. W pierwszej kolejności powołane są z ustawy do spadku dzieci spadkodawcy oraz jego małżonek; dziedziczą oni w częściach równych. Jednakże część przypadająca małżonkowi nie może być mniejsza niż jedna czwarta całości spadku.
§ 2. Jeżeli dziecko spadkodawcy nie dożyło otwarcia spadku, udział spadkowy, który by mu przypadał, przypada jego dzieciom w częściach równych. Przepis ten stosuje się odpowiednio do dalszych zstępnych."
Art. 932. Spadkobiercy ustawowi powoływani w drugiej kolejności;"§ 1. W braku zstępnych spadkodawcy powołani są do spadku z ustawy jego małżonek i rodzice.
§ 2. Udział spadkowy każdego z rodziców, które dziedziczy w zbiegu z małżonkiem spadkodawcy, wynosi jedną czwartą całości spadku. Jeżeli ojcostwo rodzica nie zostało ustalone, udział spadkowy matki spadkodawcy, dziedziczącej w zbiegu z jego małżonkiem, wynosi połowę spadku.
§ 3. W braku zstępnych i małżonka spadkodawcy cały spadek przypada jego rodzicom w częściach równych.
§ 4. Jeżeli jedno z rodziców spadkodawcy nie dożyło otwarcia spadku, udział spadkowy, który by mu przypadał, przypada rodzeństwu spadkodawcy w częściach równych.
§ 5. Jeżeli którekolwiek z rodzeństwa spadkodawcy nie dożyło otwarcia spadku pozostawiając zstępnych, udział spadkowy, który by mu przypadał, przypada jego zstępnym. Podział tego udziału następuje według zasad, które dotyczą podziału między dalszych zstępnych spadkodawcy.
§ 6. Jeżeli jedno z rodziców nie dożyło otwarcia spadku i brak jest rodzeństwa spadkodawcy lub ich zstępnych, udział spadkowy rodzica dziedziczącego w zbiegu z małżonkiem spadkodawcy wynosi połowę spadku."
Art. 933. Dziedziczenie rodziców w zbiegu z rodzeństwem;"§ 1. Udział spadkowy małżonka, który dziedziczy w zbiegu z rodzicami, rodzeństwem i zstępnymi rodzeństwa spadkodawcy, wynosi połowę spadku.
§ 2. W braku zstępnych spadkodawcy, jego rodziców, rodzeństwa i ich zstępnych, cały spadek przypada małżonkowi spadkodawcy."
Art. 934. Dziedziczenie przez dziadków;"§ 1. W braku zstępnych, małżonka, rodziców, rodzeństwa i zstępnych rodzeństwa spadkodawcy cały spadek przypada dziadkom spadkodawcy; dziedziczą oni w częściach równych.
§ 2. Jeżeli którekolwiek z dziadków spadkodawcy nie dożyło otwarcia spadku, udział spadkowy, który by mu przypadał, przypada jego dzieciom w częściach równych.
§ 21. Jeżeli dziecko któregokolwiek z dziadków spadkodawcy nie dożyło otwarcia spadku, udział spadkowy, który by mu przypadał, przypada jego dzieciom w częściach równych.
§ 3. W braku dzieci i wnuków tego z dziadków, który nie dożył otwarcia spadku, udział spadkowy, który by mu przypadał, przypada pozostałym dziadkom w częściach równych."
Art. 9341. Dziedziczenie przez dzieci małżonka spadkodawcy;W braku małżonka spadkodawcy i krewnych, powołanych do dziedziczenia z ustawy, spadek przypada w częściach równych tym dzieciom małżonka spadkodawcy, których żadne z rodziców nie dożyło chwili otwarcia spadku.
Art. 935. Dziedziczenie przez gminę lub Skarb Państwa;W braku małżonka spadkodawcy, jego krewnych i dzieci małżonka spadkodawcy, powołanych do dziedziczenia z ustawy, spadek przypada gminie ostatniego miejsca zamieszkania spadkodawcy jako spadkobiercy ustawowemu. Jeżeli ostatniego miejsca zamieszkania spadkodawcy w Rzeczypospolitej Polskiej nie da się ustalić albo ostatnie miejsce zamieszkania spadkodawcy znajdowało się za granicą, spadek przypada Skarbowi Państwa jako spadkobiercy ustawowemu.
Art. 9351. Wyłączenie stosowania przepisów o powołaniu do dziedziczenia do małżonka pozostającego w separacji;Przepisów o powołaniu do dziedziczenia z ustawy nie stosuje się do małżonka spadkodawcy pozostającego w separacji.
Art. 936. Dziedziczenie przez pełnie przysposobionego;"§ 1. Przysposobiony dziedziczy po przysposabiającym i jego krewnych tak, jak by był dzieckiem przysposabiającego, a przysposabiający i jego krewni dziedziczą po przysposobionym tak, jak by przysposabiający był rodzicem przysposobionego.
§ 2. Przysposobiony nie dziedziczy po swoich wstępnych naturalnych i ich krewnych, a osoby te nie dziedziczą po nim.
§ 3. W wypadku gdy jeden z małżonków przysposobił dziecko drugiego małżonka, przepisu § 2 nie stosuje się względem tego małżonka i jego krewnych, a jeżeli takie przysposobienie nastąpiło po śmierci drugiego z rodziców przysposobionego, także względem krewnych zmarłego, których prawa i obowiązki wynikające z pokrewieństwa zostały w orzeczeniu o przysposobieniu utrzymane."
Art. 937. Dziedziczenie przez niepełnie przysposobionego;"Jeżeli skutki przysposobienia polegają wyłącznie na powstaniu stosunku między przysposabiającym a przysposobionym, stosuje się przepisy poniższe:
1) przysposobiony dziedziczy po przysposabiającym na równi z jego dziećmi, a zstępni przysposobionego dziedziczą po przysposabiającym na tych samych zasadach co dalsi zstępni spadkodawcy;
2) przysposobiony i jego zstępni nie dziedziczą po krewnych przysposabiającego, a krewni przysposabiającego nie dziedziczą po przysposobionym i jego zstępnych;
3) rodzice przysposobionego nie dziedziczą po przysposobionym, a zamiast nich dziedziczy po przysposobionym przysposabiający; poza tym przysposobienie nie narusza powołania do dziedziczenia wynikającego z pokrewieństwa."
Art. 938. Dziadkowie spadkobiercy znajdujący się w niedostatku;Dziadkowie spadkodawcy, jeżeli znajdują się w niedostatku i nie mogą otrzymać należnych im środków utrzymania od osób, na których ciąży względem nich ustawowy obowiązek alimentacyjny, mogą żądać od spadkobiercy nie obciążonego takim obowiązkiem środków utrzymania w stosunku do swoich potrzeb i do wartości jego udziału spadkowego. Spadkobierca może uczynić zadość temu roszczeniu także w ten sposób, że zapłaci dziadkom spadkodawcy sumę pieniężną odpowiadającą wartości jednej czwartej części swojego udziału spadkowego.
Art. 939. Korzystanie przez małżonka spadkodawcy z przedmiotów urządzenia domowego;"§ 1. Małżonek dziedziczący z ustawy w zbiegu z innymi spadkobiercami, wyjąwszy zstępnych spadkodawcy, którzy mieszkali z nim razem w chwili jego śmierci, może żądać ze spadku ponad swój udział spadkowy przedmiotów urządzenia domowego, z których za życia spadkodawcy korzystał wspólnie z nim lub wyłącznie sam. Do roszczeń małżonka z tego tytułu stosuje się odpowiednio przepisy o zapisie zwykłym.
§ 2. Uprawnienie powyższe nie przysługuje małżonkowi, jeżeli wspólne pożycie małżonków ustało za życia spadkodawcy."
Art. 940. Rozwód lub separacja a dziedziczenie;"§ 1. Małżonek jest wyłączony od dziedziczenia, jeżeli spadkodawca wystąpił o orzeczenie rozwodu lub separacji z jego winy, a żądanie to było uzasadnione.
§ 2. Wyłączenie małżonka od dziedziczenia następuje na mocy orzeczenia sądu. Wyłączenia może żądać każdy z pozostałych spadkobierców ustawowych powołanych do dziedziczenia w zbiegu z małżonkiem; termin do wytoczenia powództwa wynosi sześć miesięcy od dnia, w którym spadkobierca dowiedział się o otwarciu spadku, nie więcej jednak niż jeden rok od otwarcia spadku."
Art. 941. Wyłączność testamentu;Rozrządzić majątkiem na wypadek śmierci można jedynie przez testament.
Art. 942. Wyłączenie testamentów wspólnych;Testament może zawierać rozrządzenia tylko jednego spadkodawcy.
Art. 943. Odwołanie testamentu;Spadkodawca może w każdej chwili odwołać zarówno cały testament, jak i jego poszczególne postanowienia.
Art. 944. Zdolność do sporządzenia testamentu;"§ 1. Sporządzić i odwołać testament może tylko osoba mająca pełną zdolność do
czynności prawnych.
§ 2. Testamentu nie można sporządzić ani odwołać przez przedstawiciela."
Art. 945. Wady testamentu;"§ 1. Testament jest nieważny, jeżeli został sporządzony:
1) w stanie wyłączającym świadome albo swobodne powzięcie decyzji i wyrażenie woli;
2) pod wpływem błędu uzasadniającego przypuszczenie, że gdyby spadkodawca nie działał pod wpływem błędu, nie sporządziłby testamentu tej treści;
3) pod wpływem groźby.
§ 2. Na nieważność testamentu z powyższych przyczyn nie można się powołać po upływie lat trzech od dnia, w którym osoba mająca w tym interes dowiedziała się o przyczynie nieważności, a w każdym razie po upływie lat dziesięciu od otwarcia spadku."
Art. 946. Formy odwołania testamentu;Odwołanie testamentu może nastąpić bądź w ten sposób, że spadkodawca sporządzi nowy testament, bądź też w ten sposób, że w zamiarze odwołania testament zniszczy lub pozbawi go cech, od których zależy jego ważność, bądź wreszcie w ten sposób, że dokona w testamencie zmian, z których wynika wola odwołania jego postanowień.
Art. 947. Sporządzenie nowego testamentu;Jeżeli spadkodawca sporządził nowy testament nie zaznaczając w nim, że poprzedni odwołuje, ulegają odwołaniu tylko te postanowienia poprzedniego testamentu, których nie można pogodzić z treścią nowego testamentu.
Art. 948. Zasady wykładni testamentu;"§ 1. Testament należy tak tłumaczyć, ażeby zapewnić możliwie najpełniejsze urzeczywistnienie woli spadkodawcy.
§ 2. Jeżeli testament może być tłumaczony rozmaicie, należy przyjąć taką wykładnię, która pozwala utrzymać rozrządzenia spadkodawcy w mocy i nadać im rozsądną treść."
Art. 949. Testament sporządzony własnoręcznie (holograficzny);"§ 1. Spadkodawca może sporządzić testament w ten sposób, że napisze go w całości pismem ręcznym, podpisze i opatrzy datą.
§ 2. Jednakże brak daty nie pociąga za sobą nieważności testamentu własnoręcznego, jeżeli nie wywołuje wątpliwości co do zdolności spadkodawcy do sporządzenia testamentu, co do treści testamentu lub co do wzajemnego stosunku kilku testamentów."
Art. 950. Testament notarialny;Testament może być sporządzony w formie aktu notarialnego.
Art. 951. Testament urzędowy (alograficzny);"§ 1. Spadkodawca może sporządzić testament także w ten sposób, że w obecności dwóch świadków oświadczy swoją ostatnią wolę ustnie wobec wójta (burmistrza, prezydenta miasta), starosty, marszałka województwa, sekretarza powiatu albo gminy lub kierownika urzędu stanu cywilnego.
§ 2. Oświadczenie spadkodawcy spisuje się w protokole z podaniem daty jego sporządzenia. Protokół odczytuje się spadkodawcy w obecności świadków. Protokół powinien być podpisany przez spadkodawcę, przez osobę, wobec której wola została oświadczona, oraz przez świadków. Jeżeli spadkodawca nie może podpisać protokołu, należy to zaznaczyć w protokole ze wskazaniem przyczyny braku podpisu.
§ 3. Osoby głuche lub nieme nie mogą sporządzić testamentu w sposób przewidziany w artykule niniejszym."
Art. 952. Sporządzenie i stwierdzenie treści testamentu ustnego;"§ 1. Jeżeli istnieje obawa rychłej śmierci spadkodawcy albo jeżeli wskutek szczególnych okoliczności zachowanie zwykłej formy testamentu jest niemożliwe lub bardzo utrudnione, spadkodawca może oświadczyć ostatnią wolę ustnie przy jednoczesnej obecności co najmniej trzech świadków.
§ 2. Treść testamentu ustnego może być stwierdzona w ten sposób, że jeden ze świadków albo osoba trzecia spisze oświadczenie spadkodawcy przed upływem roku od jego złożenia, z podaniem miejsca i daty oświadczenia oraz miejsca i daty sporządzenia pisma, a pismo to podpiszą spadkodawca i dwaj świadkowie albo wszyscy świadkowie.
§ 3. W wypadku gdy treść testamentu ustnego nie została w powyższy sposób stwierdzona, można ją w ciągu sześciu miesięcy od dnia otwarcia spadku stwierdzić przez zgodne zeznania świadków złożone przed sądem. Jeżeli przesłuchanie jednego ze świadków nie jest możliwe lub napotyka trudne do przezwyciężenia przeszkody, sąd może poprzestać na zgodnych zeznaniach dwóch świadków."
Art. 953. Testament podróżny;"Podczas podróży na polskim statku morskim lub powietrznym można sporządzić testament przed dowódcą statku lub jego zastępcą w ten sposób, że spadkodawca oświadcza swą wolę dowódcy statku lub jego zastępcy w obecności dwóch świadków; dowódca statku lub jego zastępca spisuje wolę spadkodawcy, podając datę jej spisania, i pismo to w obecności świadków odczytuje spadkodawcy, po czym pismo podpisują spadkodawca, świadkowie oraz dowódca statku lub jego zastępca. Jeżeli spadkodawca nie może podpisać pisma, należy w piśmie podać przyczynę braku podpisu spadkodawcy. Jeżeli zachowanie tej formy nie jest możliwe, można sporządzić testament ustny."
Art. 954. Testament wojskowy;Szczególną formę testamentów wojskowych określi rozporządzenie Ministra Obrony Narodowej wydane w porozumieniu z Ministrem Sprawiedliwości.
Art. 955. Termin ważności testamentu szczególnego;Testament szczególny traci moc z upływem sześciu miesięcy od ustania okoliczności, które uzasadniały niezachowanie formy testamentu zwykłego, chyba że spadkodawca zmarł przed upływem tego terminu. Bieg terminu ulega zawieszeniu przez czas, w ciągu którego spadkodawca nie ma możności sporządzenia testamentu zwykłego.
Art. 956. Przeszkody w byciu świadkiem przy sporządzenie testamentu;"Nie może być świadkiem przy sporządzaniu testamentu:
1) kto nie ma pełnej zdolności do czynności prawnych;
2) niewidomy, głuchy lub niemy;
3) kto nie może czytać i pisać;
4) kto nie włada językiem, w którym spadkodawca sporządza testament;
5) skazany prawomocnie wyrokiem sądowym za fałszywe zeznania."
Art. 957. Względna niezdolność bycia świadkiem przy sporządzaniu testamentu;"§ 1. Nie może być świadkiem przy sporządzaniu testamentu osoba, dla której w testamencie została przewidziana jakakolwiek korzyść. Nie mogą być również świadkami: małżonek tej osoby, jej krewni lub powinowaci pierwszego i drugiego stopnia oraz osoby pozostające z nią w stosunku przysposobienia.
§ 2. Jeżeli świadkiem była jedna z osób wymienionych w paragrafie poprzedzającym, nieważne jest tylko postanowienie, które przysparza korzyści tej osobie, jej małżonkowi, krewnym lub powinowatym pierwszego lub drugiego stopnia albo osobie pozostającej z nią w stosunku przysposobienia. Jednakże gdy z treści testamentu lub z okoliczności wynika, że bez nieważnego postanowienia spadkodawca nie sporządziłby testamentu danej treści, nieważny jest cały testament."
Art. 958. Ważność testamentu a naruszenie przepisów;Testament sporządzony z naruszeniem przepisów rozdziału niniejszego jest nieważny, chyba że przepisy te stanowią inaczej.
Art. 959. Powołanie do spadku;Spadkodawca może powołać do całości lub części spadku jedną lub kilka osób.
Art. 960. Dziedziczenie w częściach równych;Jeżeli spadkodawca powołał do spadku lub do oznaczonej części spadku kilku spadkobierców, nie określając ich udziałów spadkowych, dziedziczą oni w częściach równych.
Art. 961. Rozrządzenie przedmiotami wyczerpującymi prawie cały spadek;Jeżeli spadkodawca przeznaczył oznaczonej osobie w testamencie poszczególne przedmioty majątkowe, które wyczerpują prawie cały spadek, osobę tę poczytuje się w razie wątpliwości nie za zapisobiercę, lecz za spadkobiercę powołanego do całego spadku. Jeżeli takie rozrządzenie testamentowe zostało dokonane na rzecz kilku osób, osoby te poczytuje się w razie wątpliwości za powołane do całego spadku w częściach ułamkowych odpowiadających stosunkowi wartości przeznaczonych im przedmiotów.
Art. 962. Zastrzeżenie warunku lub terminu przy powołaniu spadkobiercy testamentowego;Zastrzeżenie warunku lub terminu, uczynione przy powołaniu spadkobiercy testamentowego, uważane jest za nie istniejące. Jeżeli jednak z treści testamentu lub z okoliczności wynika, że bez takiego zastrzeżenia spadkobierca nie zostałby powołany, powołanie spadkobiercy jest nieważne. Przepisów tych nie stosuje się, jeżeli ziszczenie się lub nieziszczenie się warunku albo nadejście terminu nastąpiło przed otwarciem spadku.
Art. 963. Definicja podstawienia zwykłego;Można powołać spadkobiercę testamentowego na wypadek, gdyby inna osoba powołana jako spadkobierca ustawowy lub testamentowy nie chciała lub nie mogła być spadkobiercą (podstawienie).
Art. 964. Definicja podstawienia powierniczego;Postanowienie testamentu, przez które spadkodawca zobowiązuje spadkobiercę do zachowania nabytego spadku i do pozostawienia go innej osobie, ma tylko ten skutek, że ta inna osoba jest powołana do spadku na wypadek, gdyby spadkobierca nie chciał lub nie mógł być spadkobiercą. Jeżeli jednak z treści testamentu lub z okoliczności wynika, iż spadkobierca bez takiego ograniczenia nie byłby powołany, powołanie spadkobiercy jest nieważne.
Art. 965. Definicja przyrostu;Jeżeli spadkodawca powołał kilku spadkobierców testamentowych, a jeden z nich nie chce lub nie może być spadkobiercą, przeznaczony dla niego udział, w braku odmiennej woli spadkodawcy, przypada pozostałym spadkobiercom testamentowym w stosunku do przypadających im udziałów (przyrost).
Art. 966. Uprawnienia dziadków spadkodawcy;Gdy na mocy testamentu spadek przypadł spadkobiercy nie obciążonemu ustawowym obowiązkiem alimentacyjnym względem dziadków spadkodawcy, dziadkowie, jeżeli znajdują się w niedostatku i nie mogą otrzymać środków utrzymania od osób, na których ciąży ustawowy obowiązek alimentacyjny, mogą żądać od spadkobiercy środków utrzymania w stosunku do swoich potrzeb i do wartości jego udziału spadkowego. Spadkobierca może uczynić zadość temu roszczeniu także w ten sposób, że zapłaci dziadkom spadkodawcy sumę pieniężną odpowiadającą wartości jednej czwartej części swego udziału spadkowego.
Art. 967. Obowiązek wykonania zapisów, poleceń i innych rozrządzeń spadkodawcy;"§ 1. Jeżeli osoba powołana jako spadkobierca testamentowy nie chce lub nie może być spadkobiercą, spadkobierca ustawowy, któremu przypadł przeznaczony dla tej osoby udział spadkowy, obowiązany jest, w braku odmiennej woli spadkodawcy, wykonać obciążające tę osobę zapisy zwykłe, polecenia i inne rozrządzenia spadkodawcy.
§ 2. Przepis powyższy stosuje się odpowiednio do spadkobiercy podstawionego oraz do spadkobiercy, któremu przypada udział spadkowy z tytułu przyrostu."
Art. 968. Zapis zwykły i dalszy zapis;"§ 1. Spadkodawca może przez rozrządzenie testa­men­towe zobowiązać spadkobiercę ustawowego lub testamentowego do spełnienia określonego świadczenia majątkowego na rzecz oznaczonej osoby (zapis zwykły).
§ 2. Spadkodawca może obciążyć zapisem zwykłym także zapisobiercę (dalszy zapis)."
Art. 969. Uchylony;
Art. 970. Wymagalność zapisu;W braku odmiennej woli spadkodawcy zapisobierca może żądać wykonania zapisu niezwłocznie po ogłoszeniu testamentu. Jednakże zapisobierca obciążony dalszym zapisem może powstrzymać się z jego wykonaniem aż do chwili wykonania zapisu przez spadkobiercę.
Art. 971. Zapis obciążający dalszych spadkobierców;Jeżeli spadek przypada kilku spadkobiercom, zapis obciąża ich w stosunku do wielkości ich udziałów spadkowych, chyba że spadkodawca postanowił inaczej. Przepis ten stosuje się odpowiednio do dalszego zapisu.
Art. 972. Odpowiednie stosowanie przepisów ustawy do zapisów;Przepisy o powołaniu spadkobiercy, o zdolności do dziedziczenia i o niegodności stosuje się odpowiednio do zapisów.
Art. 973. Niemożność bycia zapisobiercą;Jeżeli osoba, na której rzecz został uczyniony zapis, nie chce lub nie może być zapisobiercą, obciążony zapisem zostaje zwolniony od obowiązku jego wykonania, powinien jednak w braku odmiennej woli spadkodawcy wykonać dalsze zapisy.
Art. 974. Zwolnienie od wykonania dalszych zapisów;Zapisobierca obciążony obowiązkiem wykonania dalszego zapisu może zwolnić się od tego obowiązku także w ten sposób, że dokona bezpłatnie na rzecz dalszego zapisobiercy przeniesienia praw otrzymanych z tytułu zapisu albo przelewu roszczenia o jego wykonanie.
Art. 975. Zastrzeżenie w zapisie warunku lub terminu;Zapis może być uczyniony pod warunkiem lub z zastrzeżeniem terminu.
Art. 976. Bezskuteczność zapisu rzeczy oznaczonej co do tożsamości;W braku odmiennej woli spadkodawcy zapis rzeczy oznaczonej co do tożsamości jest bezskuteczny, jeżeli rzecz zapisana nie należy do spadku w chwili jego otwarcia albo jeżeli spadkodawca był w chwili swej śmierci zobowiązany do zbycia tej rzeczy.
Art. 977. Stosowanie przepisów o roszczeniach między właścicielem a samoistnym posiadaczem rzeczy;Jeżeli przedmiotem zapisu jest rzecz oznaczona co do tożsamości, do roszczeń zapisobiercy o wynagrodzenie za korzystanie z rzeczy, o zwrot pożytków lub o zapłatę ich wartości, jak również do roszczeń obciążonego zapisem o zwrot nakładów na rzecz stosuje się odpowiednio przepisy o roszczeniach między właścicielem a samoistnym posiadaczem rzeczy.
Art. 978. Odpowiedzialność za wady rzeczy oznaczonej co do tożsamości;Jeżeli przedmiotem zapisu jest rzecz oznaczona co do tożsamości, obciążony zapisem ponosi względem zapisobiercy odpowiedzialność za wady rzeczy jak darczyńca.
Art. 979. Jakość świadczenia rzeczy oznaczonej co do gatunku;Jeżeli przedmiotem zapisu są rzeczy oznaczone tylko co do gatunku, obciążony powinien świadczyć rzeczy średniej jakości, uwzględniając przy tym potrzeby zapisobiercy.
Art. 980. Odpowiedzialność za wady rzeczy oznaczonej co do gatunku;Jeżeli przedmiotem zapisu są rzeczy oznaczone tylko co do gatunku, do odpowiedzialności obciążonego względem zapisobiercy za wady fizyczne i prawne rzeczy stosuje się odpowiednio przepisy o rękojmi przy sprzedaży. Jednakże zapisobierca może żądać od obciążonego zapisem tylko odszkodowania za nienależyte wykonanie zapisu albo dostarczenia zamiast rzeczy wadliwych rzeczy takiego samego gatunku wolnych od wad oraz naprawienia szkody wynikłej z opóźnienia.
Art. 981. Termin przedawnienia roszczenia z tytułu zapisu;Roszczenie z tytułu zapisu przedawnia się z upływem lat pięciu od dnia wymagalności zapisu.
Art. 9811. Zapis windykacyjny;"§ 1. W testamencie sporządzonym w formie aktu notarialnego spadkodawca może postanowić, że oznaczona osoba nabywa przedmiot zapisu z chwilą otwarcia spadku (zapis windykacyjny).
§ 2. Przedmiotem zapisu windykacyjnego może być:
1) rzecz oznaczona co do tożsamości;
2) zbywalne prawo majątkowe;
3) przedsiębiorstwo lub gospodarstwo rolne;
4) ustanowienie na rzecz zapisobiercy użytko­wania lub służebności;
5) ogół praw i obowiązków wspólnika spółki osobowej."
Art. 9812. Bezskuteczność zapisu windykacyjnego;Zapis windykacyjny jest bezskuteczny, jeżeli w chwili otwarcia spadku przedmiot zapisu nie należy do spadkodawcy albo spadkodawca był zobowiązany do jego zbycia. Jeżeli przedmiotem zapisu jest ustano­wienie dla zapisobiercy użytkowania lub służebności, zapis jest bezskuteczny, gdy w chwili otwarcia spadku przedmiot majątkowy, który miał być obciążony użytkowaniem lub służebnością nie należy do spadku albo spadkodawca był zobowiązany do jego zbycia.
Art. 9813. Zastrzeżenie warunku lub terminu przy zapisie windykacyjnym;"§ 1. Zastrzeżenie warunku lub terminu uczynione przy ustanawianiu zapisu windykacyjnego uważa się za nieistniejące. Jeżeli jednak z treści testamentu lub z okoliczności wynika, że bez takiego zastrzeżenia zapis nie zostałby uczyniony, zapis windykacyjny jest nieważny. Przepisów tych nie stosuje się, jeżeli ziszczenie się lub nieziszczenie się warunku albo nadejście terminu nastąpiło przed otwarciem spadku.
§ 2. Zapis windykacyjny nieważny ze względu na zastrzeżenie warunku lub terminu wywołuje skutki zapisu zwykłego uczynionego pod warun­kiem lub z zastrzeżeniem terminu, chyba że co innego wynika z treści testamentu lub z oko­liczności."
Art. 9814. Obciążenie zapisem zwykłym;Spadkodawca może obciążyć zapisem zwykłym oso­bę, na której rzecz uczynił zapis windykacyjny.
Art. 9815. Odesłanie do przepisów o powołaniu spadkobiercy, przyjęciu lub odrzuceniu spadku;Przepisy o powołaniu spadkobiercy, przyjęciu i od­rzu­ceniu spadku, o zdolności do dziedziczenia i o nie­godności stosuje się odpowiednio do zapisów windy­kacyjnych.
Art. 9816. Odesłanie do przepisów o zapisie zwykłym;W sprawach nieuregulowanych w niniejszym roz­dziale oraz w przepisach szczególnych do zapisu windykacyjnego stosuje się odpowiednio przepisy o zapisie zwykłym.
Art. 982. Polecenie;Spadkodawca może w testamencie włożyć na spadkobiercę lub na zapisobiercę obowiązek oznaczonego działania lub zaniechania, nie czyniąc nikogo wierzycielem (polecenie).
Art. 983. Wykonanie polecenia przez zapisobiercę;Zapisobierca obciążony poleceniem może powstrzymać się z jego wykonaniem aż do chwili wykonania zapisu przez spadkobiercę. Przepis ten stosuje się odpowiednio w wypadku, gdy polecenie obciąża dalszego zapisobiercę.
Art. 984. Wykonanie polecenia przez spadkobiercę;Jeżeli osoba, na której rzecz został uczyniony zapis z obowiązkiem wykonania polecenia, nie chce lub nie może być zapisobiercą, spadkobierca zwolniony od obowiązku wykonania zapisu powinien w braku odmiennej woli spadkodawcy polecenie wykonać. Przepis ten stosuje się odpowiednio w wypadku, gdy polecenie obciąża dalszego zapisobiercę.
Art. 985. żądanie wykonania polecenia;Wykonania polecenia może żądać każdy ze spadkobierców, jak również wykonawca testamentu, chyba że polecenie ma wyłącznie na celu korzyść obciążonego poleceniem. Jeżeli polecenie ma na względzie interes społeczny, wykonania polecenia może żądać także właściwy organ państwowy.
Art. 986. Powołanie wykonawcy testamentu;"§ 1. Spadkodawca może w testamencie powołać wykonawcę lub wykonawców testamentu.
§ 2. Nie może być wykonawcą testamentu, kto nie ma pełnej zdolności do czynności prawnych."
Art. 9861. Powołanie wykonawcy testamentu do sprawowania zarządu spadkiem;Spadkodawca może powołać wykonawcę testamentu do sprawowania zarządu spadkiem, jego zorgani­zowaną częścią lub oznaczonym składnikiem.
Art. 987. Oświadczenie o odmowie przyjęcia obowiązku wykonania testamentu;Jeżeli osoba powołana jako wykonawca testamentu nie chce tego obowiązku przyjąć, składa odpowiednie oświadczenie przed sądem albo notariuszem.
Art. 988. Obowiązki i prawa wykonawcy testamentu;"§ 1. Jeżeli spadkodawca nie postanowił inaczej, wykonawca testamentu powinien zarządzać ma­jątkiem spadkowym, spłacić długi spadkowe, w szczególności wykonać zapisy zwykłe i pole­cenia, a następnie wydać spadkobiercom majątek spadkowy zgodnie z wolą spadkodawcy i z usta­wą, a w każdym razie niezwłocznie po dokonaniu działu spadku.
§ 2. Wykonawca testamentu może pozywać i być pozywany w sprawach wynikających z zarządu spadkiem, jego zorganizowaną częścią lub ozna­czonym składnikiem. Może również pozywać w sprawach o prawa należące do spadku i być pozwany w sprawach o długi spadkowe.
§ 3. Wykonawca testamentu powinien wydać osobie, na której rzecz został uczyniony zapis windykacyjny, przedmiot tego zapisu."
Art. 989. Roszczenia między spadkobiercą a wykonawcą testamentu;"§ 1. Do wzajemnych roszczeń między spadkobiercą a wykonawcą testamentu wynikających ze spra­wo­wania zarządu spadkiem, jego zorganizowaną częścią lub oznaczonym składnikiem stosuje się odpowiednio przepisy o zleceniu za wynagro­dzeniem.
§ 2. Koszty zarządu majątkiem spadkowym, jego zorganizowaną częścią lub oznaczonym skład­nikiem oraz wynagrodzenie wykonawcy testa­mentu należą do długów spadkowych."
Art. 990. Zwolnienie wykonawcy testamentu przez sąd;Z ważnych powodów sąd może zwolnić wykonawcę testamentu.
Art. 9901. Powołanie wykonawcy testamentu do sprawowania zarządu przedmiotem zapisu windykacyjnego;Spadkodawca może powołać wykonawcę testamentu do sprawowania zarządu przedmiotem zapisu windykacyjnego, do chwili objęcia we władanie tego przedmiotu przez osobę, na której rzecz uczyniono zapis windykacyjny.
Art. 991. Zachowek;"§ 1. Zstępnym, małżonkowi oraz rodzicom spadkodawcy, którzy byliby powołani do spadku z ustawy, należą się, jeżeli uprawniony jest trwale niezdolny do pracy albo jeżeli zstępny uprawniony jest małoletni - dwie trzecie wartości udziału spadkowego, który by mu przypadał przy dziedziczeniu ustawowym, w innych zaś wypadkach - połowa wartości tego udziału (zachowek).
§ 2. Jeżeli uprawniony nie otrzymał należnego mu zachowku bądź w postaci uczynionej przez spadkodawcę darowizny, bądź w postaci powołania do spadku, bądź w postaci zapisu, bądź w postaci świadczenia od fundacji rodzinnej lub mienia w związku z rozwiązaniem fundacji rodzinnej, przysługuje mu przeciwko spadkobiercy roszczenie o zapłatę sumy pieniężnej potrzebnej do pokrycia zachowku albo do jego uzupełnienia."
Art. 992. Podstawa obliczania zachowku;Przy ustalaniu udziału spadkowego stanowiącego podstawę do obliczania zachowku uwzględnia się także spadkobierców niegodnych oraz spadkobierców, którzy spadek odrzucili, natomiast nie uwzględnia się spadkobierców, którzy zrzekli się dziedziczenia albo zostali wydziedziczeni.
Art. 993. Zachowek a zapisy, polecenia i darowizny;"§ 1. Przy obliczaniu zachowku nie uwzględnia się zapisów zwykłych i poleceń, natomiast dolicza się do spadku, stosownie do przepisów poniższych, darowizny oraz zapisy windykacyjne dokonane przez spadkodawcę.
§ 2. Przy obliczaniu zachowku dolicza się także do spadku, stosownie do przepisów poniższych, fundusz założycielski fundacji rodzinnej wniesiony przez spadkodawcę, w przypadku gdy fundacja ta nie jest ustanowiona w testamencie.
§ 3. Przy obliczaniu zachowku dolicza się także do spadku, stosownie do przepisów poniższych, mienie w związku z rozwiązaniem fundacji rodzinnej, o wartości nie większej niż wysokość funduszu założycielskiego fundacji rodzinnej wniesionego przez spadkodawcę."
Art. 994. Pominięcie przy zachowku drobnych darowizn;"§ 1. Przy obliczaniu zachowku nie dolicza się do spadku drobnych darowizn, zwyczajowo w danych stosunkach przyjętych, ani dokonanych przed więcej niż dziesięciu laty, licząc wstecz od otwarcia spadku, darowizn na rzecz osób nie będących spadkobiercami albo uprawnionymi do zachowku.
§ 2. Przy obliczaniu zachowku należnego zstępnemu nie dolicza się do spadku darowizn uczynionych przez spadkodawcę w czasie, kiedy nie miał zstępnych. Nie dotyczy to jednak wypadku, gdy darowizna została uczyniona na mniej niż trzysta dni przed urodzeniem się zstępnego.
§ 3. Przy obliczaniu zachowku należnego małżonkowi nie dolicza się do spadku darowizn, które spadkodawca uczynił przed zawarciem z nim małżeństwa."
Art. 9941. Obliczanie zachowku;"§ 1. Przy obliczaniu zachowku nie dolicza się do spadku funduszu założycielskiego fundacji rodzinnej wniesionego przed więcej niż dziesięciu laty, licząc wstecz od otwarcia spadku, chyba że fundacja rodzinna jest spadkobiercą.
§ 2. Przy obliczaniu zachowku nie dolicza się do spadku mienia w związku z rozwiązaniem fundacji rodzinnej otrzymanego przez osoby niebędące spadkobiercami albo uprawnionymi do zachowku przed więcej niż dziesięciu laty, licząc wstecz od otwarcia spadku.
§ 3. Przy obliczaniu zachowku należnego zstępnemu nie dolicza się do spadku funduszu założycielskiego fundacji rodzinnej i mienia w związku z rozwiązaniem fundacji rodzinnej, jeśli ich przekazanie nastąpiło w czasie, kiedy spadkodawca nie miał zstępnych. Nie dotyczy to jednak wypadku, gdy przekazanie nastąpiło na mniej niż trzysta dni przed urodzeniem się zstępnego.
§ 4. Przy obliczaniu zachowku należnego małżonkowi nie dolicza się do spadku funduszu założycielskiego fundacji rodzinnej i mienia w związku z rozwiązaniem fundacji rodzinnej przekazanych przed zawarciem małżeństwa ze spadkodawcą."
Art. 995. Zasady obliczania wartości przedmiotu darowizny i zapisu windykacyjnego;"§ 1. Wartość przedmiotu darowizny oblicza się we­dług stanu z chwili jej dokonania, a według cen z chwili ustalania zachowku.
§ 2. Wartość przedmiotu zapisu windykacyjnego ob­li­cza się według stanu z chwili otwarcia spadku, a według cen z chwili ustalania zachowku.
§ 3. Wartość funduszu założycielskiego fundacji rodzinnej i mienia w związku z rozwiązaniem fundacji rodzinnej oblicza się według stanu z chwili ich przekazania, a według cen z chwili ustalania zachowku. W przypadku mienia w związku z rozwiązaniem fundacji rodzinnej w pierwszej kolejności oblicza się wartość funduszu założycielskiego i wartość mienia w związku z rozwiązaniem fundacji rodzinnej, a następnie porównuje się obie wartości, z uwzględnieniem art. 993 zachowek a zapisy, polecenia i darowizny § 3."
Art. 996. Zaliczenie darowizny na rzecz uprawnionego do zachowku;"§ 1. Zapis windykacyjny oraz darowiznę dokonane przez spadkodawcę na rzecz uprawnionego do zachowku zalicza się na należny mu zachowek. Jeżeli upraw­nionym do zachowku jest dalszy zstępny spad­kodawcy, zalicza się na należny mu zachowek także zapis windykacyjny oraz darowiznę dokonane przez spadkodawcę na rzecz jego wstępnego.
§ 2. Świadczenie od fundacji rodzinnej i mienie w związku z rozwiązaniem fundacji rodzinnej przekazane na rzecz uprawnionego do zachowku zalicza się na należny mu zachowek. Jeżeli uprawnionym do zachowku jest dalszy zstępny spadkodawcy, zalicza się na należny mu zachowek także świadczenie od fundacji rodzinnej i mienie w związku z rozwiązaniem fundacji rodzinnej na rzecz jego wstępnego."
Art. 997. Zaliczenie kosztów wychowania i wykształcenia uprawnionego do zachowku;"§ 1. Jeżeli uprawnionym do zachowku jest zstępny spadkodawcy, zalicza się na należny mu zachowek poniesione przez spadkodawcę koszty wychowania oraz wykształcenia ogólnego i zawodowego, o ile koszty te przekraczają przeciętną miarę przyjętą w danym środowisku.
§ 2. Jeżeli uprawnionym do zachowku jest zstępny spadkodawcy, zalicza się na należny mu zachowek koszty zrealizowanego przez fundację rodzinną obowiązku alimentacyjnego ciążącego na spadkodawcy, o ile koszty te przekraczają przeciętną miarę przyjętą w danym środowisku."
Art. 9971. Uprawnienia obowiązanego do zaspokojenia roszczenia z tytułu zachowku;"§ 1. Obowiązany do zaspokojenia roszczenia z tytułu zachowku może żądać odroczenia terminu jego płatności, rozłożenia go na raty, a w wyjątkowych przypadkach – jego obniżenia, przy uwzględnieniu sytuacji osobistej i majątkowej uprawnionego do zachowku oraz obowiązanego do zaspokojenia roszczenia z tytułu zachowku.
§ 2. W przypadku rozłożenia na raty roszczenia z tytułu zachowku terminy ich uiszczenia nie mogą przekraczać łącznie pięciu lat. W wypadkach zasługujących na szczególne uwzględnienie sąd, na wniosek zobowiązanego, może odroczyć termin zapłaty rat już wymagalnych lub przedłużyć termin, o którym mowa w zdaniu pierwszym. Zmieniony termin nie może być dłuższy niż dziesięć lat.
§ 3. W razie ustania okoliczności uzasadniających obniżenie zachowku obowiązany z tytułu zachowku na wniosek osoby uprawnionej do zachowku zwraca uprawnionemu do zachowku sumę pieniężną, o którą obniżono zachowek. Zwrotu sumy pieniężnej nie można żądać po upływie pięciu lat od dnia obniżenia zachowku."
Art. 998. Odpowiedzialność uprawnionego do zachowku za zapisy i polecenia;"§ 1. Jeżeli uprawniony do zachowku jest powołany do dziedziczenia, ponosi on odpowiedzialność za zapisy zwykłe i polecenia tylko do wysokości nadwyżki przekraczającej wartość udziału spad­kowego, który stanowi podstawę do obliczenia należnego uprawnionemu zachowku.
§ 2. Przepis powyższy stosuje się odpowiednio w wypadku, gdy zapis zwykły na rzecz upraw­nionego do zachowku został obciążony dalszym zapisem lub poleceniem albo uczyniony pod warunkiem lub z zastrzeżeniem terminu."
Art. 999. Odpowiedzialność uprawnionego do zachowku;Jeżeli spadkobierca obowiązany do zapłaty zachowku jest sam uprawniony do zachowku, jego odpowiedzialność ogranicza się tylko do wysokości nadwyżki przekraczającej jego własny zachowek.
Art. 9991. żądanie zachowku od osoby, na której rzecz został uczyniony zapis windykacyjny;"§ 1. Jeżeli uprawniony nie może otrzymać od spad­kobiercy należnego mu zachowku, może on żądać od osoby, na której rzecz został uczyniony zapis windykacyjny doliczony do spadku, sumy pieniężnej potrzebnej do uzupełnienia zacho­w­ku. Jednakże osoba ta jest obowiązana do zapłaty powyższej sumy tylko w granicach wzbo­gacenia będącego skutkiem zapisu windy­ka­cyjnego.
§ 2. Jeżeli osoba, na której rzecz został uczyniony zapis windykacyjny, sama jest uprawniona do zachowku, ponosi ona odpowiedzialność wzglę­dem innych uprawnionych do zachowku tylko do wysokości nadwyżki przekraczającej jej własny zachowek.
§ 3. Osoba, na której rzecz został uczyniony zapis windykacyjny, może zwolnić się od obowiązku zapłaty sumy potrzebnej do uzupełnienia za­chow­ku przez wydanie przedmiotu zapisu.
§ 4. Jeżeli spadkodawca uczynił zapisy windyka­cyjne na rzecz kilku osób, ich odpowiedzialność względem uprawnionego do zachowku jest solidarna. Jeżeli jedna z osób, na których rzecz zostały uczynione zapisy windykacyjne, spełniła świadczenie uprawnionemu do zachowku, może ona żądać od pozostałych osób części świad­czenia proporcjonalnych do wartości otrzyma­nych zapisów windykacyjnych."
Art. 1000. Uzupełnienie zachowku przez obdarowanych;"§ 1. Jeżeli uprawniony nie może otrzymać należnego mu zachowku od spadkobiercy lub osoby, na której rzecz został uczyniony zapis windykacyjny, może on żądać od osoby, która otrzymała od spadkodawcy darowiznę doliczoną do spadku, sumy pieniężnej potrzebnej do uzupełnienia zachowku. Jednakże obdarowany jest obowiązany do zapłaty powyższej sumy tylko w grani­cach wzbogacenia będącego skutkiem darowizny.
§ 2. Jeżeli obdarowany sam jest uprawniony do zachowku, ponosi on odpowiedzialność względem innych uprawnionych do zachowku tylko do wysokości nadwyżki przekraczającej jego własny zachowek.
§ 3. Obdarowany może zwolnić się od obowiązku zapłaty sumy potrzebnej do uzupełnienia zachowku przez wydanie przedmiotu darowizny.
§ 4. Jeżeli uprawniony nie może otrzymać należnego mu zachowku od spadkobiercy lub osoby, na której rzecz został uczyniony zapis windykacyjny, może on żądać od fundacji rodzinnej, której fundusz założycielski doliczono do spadku, sumy pieniężnej potrzebnej do uzupełnienia zachowku. Jednakże fundacja rodzinna jest obowiązana do zapłaty powyższej sumy tylko w granicach wzbogacenia będącego skutkiem pokrycia funduszu założycielskiego przez spadkodawcę.
§ 5. Jeżeli uprawniony nie może otrzymać należnego mu zachowku od spadkobiercy lub osoby, na której rzecz został uczyniony zapis windykacyjny, może on żądać od osoby, która otrzymała mienie w związku z rozwiązaniem fundacji rodzinnej doliczone do spadku, sumy pieniężnej potrzebnej do uzupełnienia zachowku. Jednakże osoba, która otrzymała mienie w związku z rozwiązaniem fundacji rodzinnej, jest obowiązana do zapłaty powyższej sumy tylko w granicach wzbogacenia będącego skutkiem otrzymania mienia w związku z rozwiązaniem fundacji rodzinnej.
§ 6. Jeżeli osoba, która otrzymała mienie w związku z rozwiązaniem fundacji rodzinnej sama jest uprawniona do zachowku, ponosi ona odpowiedzialność względem innych uprawnionych do zachowku tylko do wysokości nadwyżki przekraczającej jej własny zachowek.
§ 7. Osoba, która otrzymała mienie w związku z rozwiązaniem fundacji rodzinnej, może zwolnić się od obowiązku zapłaty sumy potrzebnej do uzupełnienia zachowku przez wydanie tego mienia."
Art. 1001. Kolejność odpowiedzialności obdarowanych;"§ 1. Spośród kilku obdarowanych obdarowany wcześniej ponosi odpowiedzialność stosownie do przepisów artykułu poprzedzającego tylko wtedy, gdy uprawniony do zachowku nie może uzyskać uzupełnienia zachowku od osoby, która została obdarowana później.
§ 2. Spośród osób, które otrzymały mienie w związku z rozwiązaniem fundacji rodzinnej, osoba otrzymująca mienie wcześniej ponosi odpowiedzialność stosownie do przepisów artykułu poprzedzającego tylko wtedy, gdy uprawniony do zachowku nie może uzyskać uzupełnienia zachowku od osoby, która otrzymała mienie później."
Art. 1002. Dziedziczenie roszczenia z tytułu zachowku;Roszczenie z tytułu zachowku przechodzi na spadkobiercę osoby uprawnionej do zachowku tylko wtedy, gdy spadkobierca ten należy do osób uprawnionych do zachowku po pierwszym spadkodawcy.
Art. 1003. żądanie przez spadkobierców stosunkowego zmniejszenia zapisów i poleceń przy zachowku;Spadkobiercy obowiązani do zaspokojenia roszcze­nia z tytułu zachowku mogą żądać stosunkowego zmniejszenia zapisów zwykłych i poleceń.
Art. 1004. Zmniejszenie zapisów zwykłych i poleceń obciążonego;"§ 1. Zmniejszenie zapisów zwykłych i poleceń nas­tępuje w stosunku do ich wartości, chyba że z treści testamentu wynika odmienna wola spad­kodawcy.
§ 2. W razie zmniejszenia zapisu zwykłego obciążo­nego dalszym zapisem lub poleceniem, dalszy zapis lub polecenie podlega stosunkowemu zmniejszeniu."
Art. 1005. Uprawnienie spadkobiercy obowiązanego uprawnionego do zachowku;"§ 1. Jeżeli spadkobierca obowiązany do zaspokojenia roszczenia z tytułu zachowku sam jest upraw­niony do zachowku, może on żądać zmniejszenia zapisów zwykłych i poleceń w takim stopniu, ażeby pozostał mu jego własny zachowek.
§ 2. Jeżeli zapisobierca sam jest uprawniony do zachowku, zapis zwykły uczyniony na jego rzecz podlega zmniejszeniu tylko do wysokości nadwyżki przekraczającej jego własny za­cho­wek."
Art. 1006. Całkowite wykonanie zapisu za zapłatą;Jeżeli zmniejszeniu podlega zapis zwykły, którego przedmiot nie da się podzielić bez istotnej zmiany lub bez znacznego zmniejszenia wartości, zapiso­bierca może żądać całkowitego wykonania zapisu, uiszczając odpowiednią sumę pieniężną.
Art. 1007. Przedawnienie roszczeń z tytułu zachowku lub o zmniejszenie zapisów zwykłych i poleceń;"§ 1. Roszczenia uprawnionego z tytułu zachowku oraz roszczenia spadkobierców o zmniejszenie zapisów zwykłych i poleceń przedawniają się z upływem lat pięciu od ogłoszenia testamentu.
§ 2. Roszczenie przeciwko osobie obowiązanej do uzupełnienia zachowku z tytułu otrzymanych od spadkodawcy zapisu windykacyjnego lub daro­wizny przedawnia się z upływem lat pięciu od otwarcia spadku.
§ 3. Roszczenie przeciwko fundacji rodzinnej obowiązanej do uzupełnienia zachowku z tytułu otrzymanego funduszu założycielskiego przedawnia się z upływem lat pięciu od otwarcia spadku.
§ 4. Roszczenie przeciwko osobie obowiązanej do uzupełnienia zachowku z tytułu otrzymanego mienia w związku z rozwiązaniem fundacji rodzinnej przedawnia się z upływem lat pięciu od otwarcia spadku."
Art. 1008. Przesłanki wydziedziczenia;"Spadkodawca może w testamencie pozbawić zstępnych, małżonka i rodziców zachowku (wydziedziczenie), jeżeli uprawniony do zachowku:
1) wbrew woli spadkodawcy postępuje uporczywie w sposób sprzeczny z zasadami współżycia społecznego;
2) dopuścił się względem spadkodawcy albo jednej z najbliższych mu osób umyślnego przestępstwa przeciwko życiu, zdrowiu lub wolności albo rażącej obrazy czci;
3) uporczywie nie dopełnia względem spadkodawcy obowiązków rodzinnych."
Art. 1009. Wymóg ujęcia w testamencie przyczyny wydziedziczenia;Przyczyna wydziedziczenia uprawnionego do zachowku powinna wynikać z treści testamentu.
Art. 1010. Przebaczenie a prawo do zachowku;"§ 1. Spadkodawca nie może wydziedziczyć uprawnionego do zachowku, jeżeli mu przebaczył.
§ 2. Jeżeli w chwili przebaczenia spadkodawca nie miał zdolności do czynności prawnych, przebaczenie jest skuteczne, gdy nastąpiło z dostatecznym rozeznaniem."
Art. 1011. Uprawnienia do zachowku zstępnych wydziedziczonego zstępnego;Zstępni wydziedziczonego zstępnego są uprawnieni do zachowku, chociażby przeżył on spadkodawcę.
Art. 1012. Proste przyjęcie spadku, przyjęcie z dobrodziejstwem inwentarza, odrzucenie spadku;Spadkobierca może bądź przyjąć spadek bez ograniczenia odpowiedzialności za długi (przyjęcie proste), bądź przyjąć spadek z ograniczeniem tej odpowiedzialności (przyjęcie z dobrodziejstwem inwentarza), bądź też spadek odrzucić.
Art. 1013. Uchylony;
Art. 1014. Przyjęcie lub odrzucenie udziału spadkowego przypadającego z różnych tytułów;"§ 1. Przyjęcie lub odrzucenie udziału spadkowego przypadającego spadkobiercy z tytułu podstawienia może nastąpić niezależnie od przyjęcia lub odrzucenia udziału spadkowego, który temu spadkobiercy przypada z innego tytułu.
§ 2. Spadkobierca może odrzucić udział spadkowy przypadający mu z tytułu przyrostu, a przyjąć udział przypadający mu jako spadkobiercy powołanemu.
§ 3. Poza wypadkami przewidzianymi w paragrafach poprzedzających spadkobierca nie może spadku częściowo przyjąć, a częściowo odrzucić."
Art. 1015. Termin złożenia oświadczenia o przyjęciu lub o odrzuceniu spadku;"§ 1. Oświadczenie o przyjęciu lub o odrzuceniu spadku może być złożone w ciągu sześciu miesięcy od dnia, w którym spadkobierca dowiedział się o tytule swego powołania.
§ 11. Do zachowania terminu, o którym mowa w § 1, wystarcza złożenie przed jego upływem wniosku do sądu o odebranie oświadczenia o przyjęciu lub o odrzuceniu spadku.
§ 12. Jeżeli złożenie oświadczenia o przyjęciu lub o odrzuceniu spadku wymaga zezwolenia sądu, bieg terminu do złożenia oświadczenia ulega zawieszeniu na czas trwania postępowania sądowego w tym przedmiocie.
§ 2. Brak oświadczenia spadkobiercy w terminie określonym w § 1 jest jednoznaczny z przyjęciem spadku z dobrodziejstwem inwentarza."
Art. 1016. Uchylony;
Art. 1017. Transmisja;Jeżeli przed upływem terminu do złożenia oświadczenia o przyjęciu lub o odrzuceniu spadku spadkobierca zmarł nie złożywszy takiego oświadczenia, oświadczenie o przyjęciu lub o odrzuceniu spadku może być złożone przez jego spadkobierców. Termin do złożenia tego oświadczenia nie może się skończyć wcześniej aniżeli termin do złożenia oświadczenia co do spadku po zmarłym spadkobiercy.
Art. 1018. Forma i sposób złożenia oświadczenia o przyjęciu lub o odrzuceniu spadku;"§ 1. Oświadczenie o przyjęciu lub o odrzuceniu spadku złożone pod warunkiem lub z zastrzeżeniem terminu jest nieważne.
§ 2. Oświadczenie o przyjęciu lub o odrzuceniu spadku nie może być odwołane.
§ 3. Oświadczenie o przyjęciu lub o odrzuceniu spadku składa się przed sądem lub przed notariuszem. Można je złożyć ustnie lub na piśmie z podpisem urzędowo poświadczonym. Pełnomocnictwo do złożenia oświadczenia o przyjęciu lub o odrzuceniu spadku powinno być pisemne z podpisem urzędowo poświadczonym."
Art. 1019. Oświadczenie o przyjęciu lub o odrzuceniu spadku złożone pod wpływem błędu lub groźby;"§ 1. Jeżeli oświadczenie o przyjęciu lub o odrzuceniu spadku zostało złożone pod wpływem błędu lub groźby, stosuje się przepisy o wadach oświadczenia woli z następującymi zmianami:
1) uchylenie się od skutków prawnych oświadczenia powinno nastąpić przed sądem;
2) spadkobierca powinien jednocześnie oświadczyć, czy i jak spadek przyjmuje, czy też go odrzuca;
3) do zachowania terminu, o którym mowa w art. 88 uchylenie się od skutków prawnych błędu lub groźby § 2, wystarcza złożenie przed jego upływem wniosku do sądu o odebranie oświadczenia o uchyleniu się od skutków prawnych oświadczenia.
§ 2. Spadkobierca, który pod wpływem błędu lub groźby nie złożył żadnego oświadczenia w terminie, może w powyższy sposób uchylić się od skutków prawnych niezachowania terminu.
§ 3. Uchylenie się od skutków prawnych oświadczenia o przyjęciu lub o odrzuceniu spadku wymaga zatwierdzenia przez sąd."
Art. 1020. Skutki odrzucenia spadku;Spadkobierca, który spadek odrzucił, zostaje wyłączony od dziedziczenia, tak jakby nie dożył otwarcia spadku.
Art. 1021. Odrzucenie spadku przez zarządzającego spadkiem;Jeżeli spadkobierca zarządzał spadkiem, a potem go odrzucił, do stosunków między nim a spadkobiercami, którzy zamiast niego doszli do spadku, stosuje się odpowiednio przepisy o prowadzeniu cudzych spraw bez zlecenia.
Art. 1022. Powołanie do spadku z różnych tytułów prawnych;Spadkobierca powołany do spadku zarówno z mocy testamentu, jak i z mocy ustawy może spadek odrzucić jako spadkobierca testamentowy, a przyjąć spadek jako spadkobierca ustawowy.
Art. 1023. Przyjęcie spadku przez gminę lub Skarb Państwa;"§ 1. Skarb Państwa ani gmina nie mogą odrzucić spadku, który im przypadł z mocy ustawy.
§ 2. Skarb Państwa ani gmina nie składają oświadczenia o przyjęciu spadku, a spadek uważa się za przyjęty z dobrodziejstwem inwentarza."
Art. 1024. Odrzucenie spadku z pokrzywdzeniem wierzycieli;"§ 1. Jeżeli spadkobierca odrzucił spadek z pokrzywdzeniem wierzycieli, każdy z wierzycieli, którego wierzytelność istniała w chwili odrzucenia spadku, może żądać, ażeby odrzucenie spadku zostało uznane za bezskuteczne w stosunku do niego według przepisów o ochronie wierzycieli w razie niewypłacalności dłużnika.
§ 2. Uznania odrzucenia spadku za bezskuteczne można żądać w ciągu sześciu miesięcy od chwili powzięcia wiadomości o odrzuceniu spadku, lecz nie później niż przed upływem trzech lat od odrzucenia spadku."
Art. 1025. Stwierdzenie nabycia spadku i akt poświadczenia dziedziczenia;"§ 1. Sąd na wniosek osoby mającej w tym interes stwierdza nabycie spadku przez spadkobiercę. Notariusz na zasadach określonych w przepisach odrębnych sporządza akt poświadczenia dziedziczenia.
§ 2. Domniemywa się, że osoba, która uzyskała stwierdzenie nabycia spadku albo poświadczenie dziedziczenia, jest spadkobiercą.
§ 3. Przeciwko domniemaniu wynikającemu ze stwierdzenia nabycia spadku nie można powoływać się na domniemanie wynikające z zarejestrowanego aktu poświadczenia dziedziczenia."
Art. 1026. Termin stwierdzenia nabycia spadku lub poświadczenia dziedziczenia;Stwierdzenie nabycia spadku oraz poświadczenie dziedziczenia nie może nastąpić przed upływem sześciu miesięcy od otwarcia spadku, chyba że wszyscy znani spadkobiercy złożyli już oświadczenia o przyjęciu lub o odrzuceniu spadku.
Art. 1027. Potwierdzenie praw wynikających z dziedziczenia;Względem osoby trzeciej, która nie rości sobie praw do spadku z tytułu dziedziczenia, spadkobierca może udowodnić swoje prawa wynikające z dziedziczenia tylko stwierdzeniem nabycia spadku albo zarejestrowanym aktem poświadczenia dziedziczenia.
Art. 1028. Rozporządzanie przez nieuprawnionego prawem należącym do spadku;Jeżeli ten, kto uzyskał stwierdzenie nabycia spadku albo poświadczenie dziedziczenia, lecz spadkobiercą nie jest, rozporządza prawem należącym do spadku na rzecz osoby trzeciej, osoba, na której rzecz rozporządzenie następuje, nabywa prawo lub zostaje zwolniona od obowiązku, chyba że działa w złej wierze.
Art. 1029. żądanie wydania spadku;"§ 1. Spadkobierca może żądać, ażeby osoba, która włada spadkiem jako spadkobierca, lecz spadkobiercą nie jest, wydała mu spadek. To samo dotyczy poszczególnych przedmiotów należących do spadku.
§ 2. Do roszczeń spadkobiercy o wynagrodzenie za korzystanie z przedmiotów należących do spadku, o zwrot pożytków lub o zapłatę ich wartości, jak również o naprawienie szkody z powodu zużycia, pogorszenia lub utraty tych przedmiotów oraz do roszczeń przeciwko spadkobiercy o zwrot nakładów stosuje się odpowiednio przepisy o roszczeniach między właścicielem a samoistnym posiadaczem rzeczy.
§ 3. Przepisy powyższe stosuje się odpowiednio w wypadku, gdy żąda wydania swego majątku osoba, co do której zostało uchylone orzeczenie o uznaniu jej za zmarłą."
Art. 10291. Stwierdzenie nabycia przedmiotu zapisu windykacyjnego;Przepisy niniejszego tytułu stosuje się odpowiednio do stwierdzenia nabycia przedmiotu zapisu windy­kacyjnego.
Art. 1030. Odpowiedzialność za długi spadkowe;Do chwili przyjęcia spadku spadkobierca ponosi odpowiedzialność za długi spadkowe tylko ze spadku. Od chwili przyjęcia spadku ponosi odpowiedzialność za te długi z całego swego majątku.
Art. 1031. Sposób przyjęcia spadku a odpowiedzialność za długi spadkowe;"§ 1. W razie prostego przyjęcia spadku spadkobierca ponosi odpowiedzialność za długi spadkowe bez ograniczenia.
§ 2. W razie przyjęcia spadku z dobrodziejstwem inwentarza spadkobierca ponosi odpowiedzialność za długi spadkowe tylko do wartości ustalonego w wykazie inwentarza albo spisie inwentarza stanu czynnego spadku. Powyższe ograniczenie odpowiedzialności odpada, jeżeli spadkobierca podstępnie pominął w wykazie inwentarza lub podstępnie nie podał do spisu inwentarza przedmiotów należących do spadku lub przedmiotów zapisów windykacyjnych albo podstępnie uwzględnił w wykazie inwentarza lub podstępnie podał do spisu inwentarza nieistniejące długi."
Art. 10311. Wykaz inwentarza spadkowego;"§ 1. Spadkobierca, który przyjął spadek z dobrodziejstwem inwentarza, zapisobierca windykacyjny lub wykonawca testamentu mogą złożyć w sądzie albo przed notariuszem wykaz inwentarza. Wykaz inwentarza składany przed notariuszem zostaje objęty protokołem.
§ 2. Wykaz inwentarza może zostać złożony wspólnie przez więcej niż jednego spadkobiercę, zapisobiercę windykacyjnego lub wykonawcę testamentu.
§ 3. W wykazie inwentarza z należytą starannością ujawnia się przedmioty należące do spadku oraz przedmioty zapisów windykacyjnych, z podaniem ich wartości według stanu i cen z chwili otwarcia spadku, a także długi spadkowe i ich wysokość według stanu z chwili otwarcia spadku.
§ 4. W razie ujawnienia po złożeniu wykazu inwentarza przedmiotów należących do spadku, przedmiotów zapisów windykacyjnych lub długów spadkowych pominiętych w wykazie inwentarza składający wykaz uzupełnia go. Do uzupełnienia wykazu stosuje się przepisy dotyczące składania wykazu inwentarza."
Art. 10312. Rozporządzenie w sprawie wzoru wykazu inwentarza;"§ 1. Wykaz inwentarza składany w sądzie sporządza się według ustalonego wzoru.
§ 2. Minister Sprawiedliwości określi, w drodze rozporządzenia:
1) wzór wykazu inwentarza obejmujący:
a) dane, o których mowa w art. 10311 wykaz inwentarza spadkowego § 3,
b) imię i nazwisko, numer Powszechnego Elektronicznego Systemu Ewidencji Ludności (PESEL), jeżeli został nadany, oraz ostatni adres spadkodawcy,
c) imię i nazwisko, numer PESEL albo numer w Krajowym Rejestrze Sądowym, a w przypadku jego braku – numer w innym właściwym rejestrze, ewidencji lub numer identyfikacji podatkowej (NIP), jeżeli został nadany, oraz adres składającego wykaz inwentarza,
d) pouczenie składającego wykaz inwentarza co do obowiązku jego uzupełnienia, w przypadkach wskazanych w art. 10311 wykaz inwentarza spadkowego § 4
– mając na uwadze zamieszczenie danych koniecznych do ustalenia stanu czynnego spadku oraz standaryzację danych zawartych w wykazie;
2) sposób udostępnienia druków wzoru wykazu inwentarza mając na uwadze przyspieszenie postępowania spadkowego."
Art. 10313. Spłata długów spadkowych zgodnie z wykazem inwentarza;"§ 1. Spadkobierca, który złożył wykaz inwentarza spłaca długi spadkowe zgodnie ze złożonym wykazem. Nie może jednak zasłaniać się brakiem znajomości wykazu inwentarza złożonego przez innego spadkobiercę, zapisobiercę windykacyjnego lub wykonawcę testamentu.
§ 2. Od chwili sporządzenia spisu inwentarza spadkobierca spłaca długi spadkowe zgodnie ze sporządzonym spisem.
§ 3. Przepisy § 1 i 2 stosuje się odpowiednio do zapisobierców windykacyjnych i wykonawców testamentu."
Art. 10314. Niedopuszczalność odmowy przyjęcia świadczenia przez wierzyciela;Wierzyciel, który zażądał sporządzenia spisu inwentarza, nie może odmówić przyjęcia należnego mu świadczenia, chociażby dług nie był jeszcze wymagalny.
Art. 1032. Odpowiedzialność za niespłacone długi spadkowe spadkobiercy, który przyjął spadek z dobrodziejstwem inwentarza;"§ 1. Spadkobierca, który przyjął spadek z dobrodziejstwem inwentarza i spłacił niektóre długi spadkowe, a nie wiedział i przy dołożeniu należytej staranności nie mógł się dowiedzieć o istnieniu innych długów spadkowych, ponosi odpowiedzialność za niespłacone długi spadkowe tylko do wysokości różnicy między wartością stanu czynnego spadku a wartością świadczeń spełnionych na zaspokojenie długów spadkowych, które spłacił.
§ 2. Spadkobierca, który przyjął spadek z dobrodziejstwem inwentarza i spłacając niektóre długi spadkowe, wiedział lub przy dołożeniu należytej staranności mógł się dowiedzieć o istnieniu innych długów spadkowych, ponosi odpowiedzialność za te długi ponad wartość stanu czynnego spadku, jednakże tylko do takiej wysokości, w jakiej byłby obowiązany je zaspokoić, gdyby spłacał należycie wszystkie długi spadkowe. Nie dotyczy to spadkobiercy niemającego pełnej zdolności do czynności prawnych oraz spadkobiercy, co do którego istnieje podstawa do jego ubezwłasnowolnienia."
Art. 1033. Odpowiedzialność spadkobiercy z tytułu zapisów i poleceń;Odpowiedzialność spadkobiercy z tytułu zapisów zwykłych i poleceń ogranicza się do wartości stanu czynnego spadku.
Art. 1034. Solidarna odpowiedzialność spadkobierców za długi spadkowe;"§ 1. Do chwili działu spadku spadkobiercy ponoszą solidarną odpowiedzialność za długi spadkowe. Jeżeli jeden ze spadkobierców spełnił świadczenie, może on żądać zwrotu od pozostałych spadkobierców w częściach, które odpowiadają wielkości ich udziałów.
§ 2. Od chwili działu spadku spadkobiercy ponoszą odpowiedzialność za długi spadkowe w stosunku do wielkości udziałów."
Art. 10341. Odpowiedzialność za długi spadkodawcy spadkobierców z zapisu windykacyjnego;"§ 1. Do chwili działu spadku wraz ze spadko­biercami solidarną odpowiedzialność za długi spadkowe ponoszą także osoby, na których rzecz spadkodawca uczynił zapisy windy­ka­cyjne.
§ 2. Rozliczenia między spadkobiercami i osoba­mi, na których rzecz zostały uczynione zapisy windykacyjne, następują proporcjonalnie do wartości otrzymanych przez nich przysporzeń. Spadkobiercom uwzględnia się ich udział w wartości ustalonego w wykazie inwentarza albo spisie inwentarza stanu czynnego spadku."
Art. 10342. Odpowiedzialność za długi spadkowe osób na rzecz których zostały uczynione zapisy windykacyjne;Od chwili działu spadku spadkobiercy i osoby, na których rzecz zostały uczynione zapisy windyka­cyjne, ponoszą odpowiedzialność za długi spadkowe proporcjonalnie do wartości otrzymanych przez nich przysporzeń.
Art. 10343. Ograniczenie odpowiedzialności za długi spadkowe osoby, na rzecz której został uczyniony zapis windykacyjny;Odpowiedzialność osoby, na której rzecz został uczyniony zapis windykacyjny za długi spadkowe, jest ograniczona do wartości przedmiotu zapisu windykacyjnego według stanu i cen z chwili otwarcia spadku.
Art. 1035. Wspólność majątku spadkowego oraz dział spadku;Jeżeli spadek przypada kilku spadkobiercom, do wspólności majątku spadkowego oraz do działu spadku stosuje się odpowiednio przepisy o współwłasności w częściach ułamkowych z zachowaniem przepisów niniejszego tytułu.
Art. 1036. Rozporządzanie udziałem w przedmiocie należącym do spadku;Spadkobierca może za zgodą pozostałych spadkobierców rozporządzić udziałem w przedmiocie należącym do spadku. W braku zgody któregokolwiek z pozostałych spadkobierców rozporządzenie jest bezskuteczne o tyle, o ile naruszałoby uprawnienia przysługujące temu spadkobiercy na podstawie przepisów o dziale spadku.
Art. 1037. Sposoby działu spadku;"§ 1. Dział spadku może nastąpić bądź na mocy umowy między wszystkimi spadkobiercami, bądź na mocy orzeczenia sądu na żądanie któregokolwiek ze spadkobierców.
§ 2. Jeżeli do spadku należy nieruchomość, umowa o dział powinna być zawarta w formie aktu notarialnego.
§ 3. Jeżeli do spadku należy przedsiębiorstwo, umowa o dział spadku powinna być zawarta w formie pisemnej z podpisami notarialnie poświadczonymi. Jeżeli jednak w skład przedsiębiorstwa wchodzi nieruchomość albo przedsiębiorstwo jest objęte zarządem sukcesyjnym, umowa o dział spadku powinna być zawarta w formie aktu notarialnego."
Art. 1038. Częściowy dział spadku;"§ 1. Sądowy dział spadku powinien obejmować cały spadek. Jednakże z ważnych powodów może być ograniczony do części spadku.
§ 2. Umowny dział spadku może objąć cały spadek lub być ograniczony do części spadku.
§ 3. Sądowy częściowy dział spadku może nastąpić w szczególności z tego powodu, że w skład spadku wchodzi przedsiębiorstwo."
Art. 10381. Dział spadku z przedsiębiorstwem;W przypadku gdy w skład spadku wchodzi przedsiębiorstwo, dział spadku obejmuje to przedsiębiorstwo z uwzględnieniem potrzeby zapewnienia kontynuacji prowadzonej przy jego wykorzystaniu działalności gospodarczej, chyba że spadkobiercy oraz małżonek spadkodawcy, któremu przysługuje udział w przedsiębiorstwie, nie osiągnęli porozumienia co do kontynuacji tej działalności.
Art. 1039. Zaliczenie darowizn i zapisów windykacyjnych na schedę spadkową;"§ 1. Jeżeli w razie dziedziczenia ustawowego dział spadku następuje między zstępnymi albo między zstępnymi i małżonkiem, spadkobiercy ci są wzajemnie zobowiązani do zaliczenia na schedę spadkową otrzymanych od spadko­dawcy darowizn oraz zapisów windyka­cyjnych, chyba że z oświadczenia spadko­dawcy lub z okoliczności wynika, że darowizna lub zapis windykacyjny zostały dokonane ze zwolnieniem od obowiązku zaliczenia.
§ 2. Spadkodawca może włożyć obowiązek zali­czenia darowizny lub zapisu windykacyjnego na schedę spadkową także na spadkobiercę ustawowego nie wymienionego w paragrafie poprzedzającym.
§ 3. Nie podlegają zaliczeniu na schedę spadkową drobne darowizny zwyczajowo w danych sto­sunkach przyjęte."
Art. 1040. Darowizna lub zapis windykacyjny przewyższające wartość schedy spadkowej;Jeżeli wartość darowizny lub zapisu windykacyjnego podlegających zaliczeniu przewyższa wartość schedy spadkowej, spadkobierca nie jest obowiązany do zwrotu nadwyżki. W wypadku takim nie uwzględnia się przy dziale spadku ani darowizny lub zapisu windykacyjnego, ani spadkobiercy zobowiązanego do ich zaliczenia.
Art. 1041. Zaliczenie na schedę spadkową darowizny i zapisu windykacyjnego przez dalszego zstępnego spadkodawcy;Dalszy zstępny spadkodawcy obowiązany jest do za­li­czenia na schedę spadkową darowizny oraz zapisu windykacyjnego dokonanych przez spadkodawcę na rzecz jego wstępnego.
Art. 1042. Zaliczenie darowizn lub zapisów windykacyjnych na schedę spadkową;"§ 1. Zaliczenie na schedę spadkową przeprowadza się w ten sposób, że wartość darowizn lub zapisów windy­kacyjnych podlegających zaliczeniu dolicza się do spadku lub do części spadku, która ulega podziałowi między spadkobierców obowiązanych wzajemnie do zaliczenia, po czym oblicza się schedę spadkową każdego z tych spadkobierców, a następnie każdemu z nich zalicza się na poczet jego schedy wartość daro­wizny lub zapisu windykacyjnego podlegającej zali­czeniu.
§ 2. Wartość przedmiotu darowizny oblicza się według stanu z chwili jej dokonania, a według cen z chwili działu spadku.
§ 21. Wartość przedmiotu zapisu windykacyjnego oblicza się według stanu z chwili otwarcia spadku, a według cen z chwili działu spadku.
§ 3. Przy zaliczaniu na schedę spadkową nie uwzględnia się pożytków przedmiotu darowizny lub zapisu windy­kacyjnego."
Art. 1043. Odpowiednie stosowanie przepisów o zaliczeniu darowizn na schedę spadkową;Przepisy o zaliczeniu darowizn na schedę spadkową stosuje się odpowiednio do poniesionych przez spadkodawcę na rzecz zstępnego kosztów wychowania oraz wykształcenia ogólnego i zawodowego, o ile koszty te przekraczają przeciętną miarę przyjętą w danym środowisku.
Art. 1044. Przyznanie na współwłasność przedmiotów należących do spadku;Na żądanie dwóch lub więcej spadkobierców sąd może wydzielić im schedy spadkowe w całości lub w części w taki sposób, że przyzna im pewien przedmiot lub pewne przedmioty należące do spadku jako współwłasność w określonych częściach ułamkowych.
Art. 1045. Umowa o dział spadku zawarta pod wpływem istotnego błędu;Uchylenie się od skutków prawnych umowy o dział spadku zawartej pod wpływem błędu może nastąpić tylko wtedy, gdy błąd dotyczył stanu faktycznego, który strony uważały za niewątpliwy.
Art. 1046. Odpowiedzialność spadkobierców z tytułu rękojmi za wady fizyczne i prawne po dokonaniu działu spadku;Po dokonaniu działu spadku spadkobiercy są wzajemnie obowiązani do rękojmi za wady fizyczne i prawne według przepisów o rękojmi przy sprzedaży. Rękojmia co do wierzytelności spadkowych rozciąga się także na wypłacalność dłużnika.
Art. 1047. Nieważność umowy o spadek po osobie żyjącej;Z zastrzeżeniem wyjątków przewidzianych w tytule niniejszym umowa o spadek po osobie żyjącej jest nieważna.
Art. 1048. Umowa o zrzeczeniu się dziedziczenia;"§ 1. Spadkobierca ustawowy może przez umowę z przyszłym spadkodawcą zrzec się dziedziczenia po nim. Umowa taka powinna być zawarta w formie aktu notarialnego.
§ 2. Zrzeczenie się dziedziczenia może być ograniczone do zrzeczenia się tylko prawa do zachowku w całości lub w części.
§ 3. Zrzeczenie się dziedziczenia na korzyść innej osoby uważa się w razie wątpliwości za zrzeczenie się pod warunkiem, że ta osoba będzie dziedziczyć."
Art. 1049. Skutki zrzeczenia się dziedziczenia;"§ 1. Zrzeczenie się dziedziczenia obejmuje również zstępnych zrzekającego się, chyba że umówiono się inaczej.
§ 2. Zrzekający się oraz jego zstępni, których obejmuje zrzeczenie się dziedziczenia, zostają wyłączeni od dziedziczenia, tak jakby nie dożyli otwarcia spadku."
Art. 1050. Umowa o uchyleniu zrzeczenia się dziedziczenia;Zrzeczenie się dziedziczenia może być uchylone przez umowę między tym, kto zrzekł się dziedziczenia, a tym, po kim się dziedziczenia zrzeczono. Umowa powinna być zawarta w formie aktu notarialnego.
Art. 1051. Zbycie spadku lub udziału spadkowego;Spadkobierca, który spadek przyjął, może spadek ten zbyć w całości lub w części. To samo dotyczy zbycia udziału spadkowego.
Art. 1052. Umowa zobowiązująca do zbycia spadku;"§ 1. Umowa sprzedaży, zamiany, darowizny lub inna umowa zobowiązująca do zbycia spadku przenosi spadek na nabywcę, chyba że strony inaczej postanowiły.
§ 2. Jeżeli zawarcie umowy przenoszącej spadek następuje w wykonaniu zobowiązania wynikającego z uprzednio zawartej umowy zobowiązującej do zbycia spadku, ważność umowy przenoszącej spadek zależy od istnienia tego zobowiązania.
§ 3. Umowa zobowiązująca do zbycia spadku powinna być zawarta w formie aktu notarialnego. To samo dotyczy umowy przenoszącej spadek, która zostaje zawarta w celu wykonania istniejącego uprzednio zobowiązania do zbycia spadku."
Art. 1053. Prawa i obowiązki nabywcy spadku;Nabywca spadku wstępuje w prawa i obowiązki spadkobiercy.
Art. 1054. Obowiązki i uprawnienia zbywcy spadku;"§ 1. Zbywca spadku zobowiązany jest do wydania tego, co wskutek zbycia, utraty lub uszkodzenia przedmiotów należących do spadku zostało uzyskane w zamian tych przedmiotów albo jako naprawienie szkody, a jeżeli zbycie spadku było odpłatne, także do wyrównania ubytku wartości powstałego przez zużycie lub rozporządzenie nieodpłatne przedmiotami należącymi do spadku.
§ 2. Zbywca może żądać od nabywcy zwrotu wydatków i nakładów poczynionych na spadek."
Art. 1055. Solidarna odpowiedzialność zbywcy i nabywcy spadku;"§ 1. Nabywca spadku ponosi odpowiedzialność za długi spadkowe w tym samym zakresie co zbywca. Ich odpowiedzialność względem wierzycieli jest solidarna.
§ 2. W braku odmiennej umowy nabywca ponosi względem zbywcy odpowiedzialność za to, że wierzyciele nie będą od niego żądali spełnienia świadczeń na zaspokojenie długów spadkowych."
Art. 1056. Wyłączenie odpowiedzialności zbywcy spadku z tytułu rękojmi za wady fizyczne i prawne przedmiotów spadkowych;W razie zbycia spadku spadkobierca nie ponosi odpowiedzialności z tytułu rękojmi za wady fizyczne i prawne poszczególnych przedmiotów należących do spadku.
Art. 1057. Przejście na nabywcę spadku korzyści i ciężarów związanych ze spadkiem;Korzyści i ciężary związane z przedmiotami należącymi do spadku, jak również niebezpieczeństwo ich przypadkowej utraty lub uszkodzenia przechodzą na nabywcę z chwilą zawarcia umowy o zbycie spadku, chyba że umówiono się inaczej.
Art. 1058. Dziedziczenie ustawowe gospodarstw rolnych;Do dziedziczenia z ustawy gospodarstw rolnych obejmujących grunty rolne o powierzchni przekraczającej 1 ha stosuje się przepisy tytułów poprzedzających księgi niniejszej ze zmianami wynikającymi z przepisów poniższych.
Art. 1059. Przesłanki ustawowego dziedziczenia gospodarstwa rolnego;"Spadkobiercy dziedziczą z ustawy gospodarstwo rolne, jeżeli w chwili otwarcia spadku:
1) stale pracują bezpośrednio przy produkcji rolnej albo
2) mają przygotowanie zawodowe do prowadzenia produkcji rolnej, albo
3) są małoletni bądź też pobierają naukę zawodu lub uczęszczają do szkół, albo
4) są trwale niezdolni do pracy."
Art. 1060. Dziedziczenie gospodarstwa rolnego przez wnuków spadkodawcy;W granicach określonych w art. 931 spadkobiercy ustawowi powoływani w pierwszej kolejności § 2 wnuki spadkodawcy, które w chwili otwarcia spadku odpowiadają warunkom przewidzianym w art. 1059 przesłanki ustawowego dziedziczenia gospodarstwa rolnego pkt 1 i 2, dziedziczą gospodarstwo rolne także wtedy, gdy ich ojciec lub matka nie mogą gospodarstwa dziedziczyć dla braku warunków przewidzianych w art. 1059 przesłanki ustawowego dziedziczenia gospodarstwa rolnego. Przepis ten stosuje się odpowiednio do dalszych zstępnych.
Art. 1061. Uchylony;
Art. 1062. Dziedziczenie gospodarstwa rolnego przez rodzeństwo spadkodawcy;"§ 1. Rodzeństwo spadkodawcy, które w chwili otwarcia spadku odpowiada warunkom przewidzianym w art. 1059 przesłanki ustawowego dziedziczenia gospodarstwa rolnego pkt 1 i 2, dziedziczy gospodarstwo rolne także wtedy, gdy zstępni spadkodawcy nie mogą gospodarstwa dziedziczyć dla braku warunków przewidzianych w art. 1059 przesłanki ustawowego dziedziczenia gospodarstwa rolnego lub w art. 1060 dziedziczenie gospodarstwa rolnego przez wnuków spadkodawcy.
§ 2. W granicach określonych w art. 934 dziedziczenie przez dziadków dzieci rodzeństwa spadkodawcy, które w chwili otwarcia spadku odpowiadają warunkom przewidzianym w art. 1059 przesłanki ustawowego dziedziczenia gospodarstwa rolnego pkt 1 i 2, dziedziczą gospodarstwo rolne także wtedy, gdy ich ojciec lub matka nie mogą gospodarstwa dziedziczyć dla braku warunków przewidzianych w art. 1059 przesłanki ustawowego dziedziczenia gospodarstwa rolnego lub w § 1 niniejszego artykułu. Przepis ten stosuje się odpowiednio do dalszych zstępnych."
Art. 1063. Dziedziczenie gospodarstwa rolnego na zasadach ogólnych;Jeżeli ani małżonek spadkodawcy, ani żaden z jego krewnych powołanych do dziedziczenia z ustawy nie odpowiada warunkom przewidzianym dla dziedziczenia gospodarstwa rolnego albo jeżeli uprawnionymi do dziedziczenia są wyłącznie osoby, które w chwili otwarcia spadku są trwale niezdolne do pracy, gospodarstwo dziedziczą spadkobiercy na zasadach ogólnych.
Art. 1064. Rozporządzenie w sprawie przygotowania zawodowego do prowadzenia produkcji rolnej;Rozporządzenie Rady Ministrów określi, jakie przygotowanie zawodowe uważa się za przygotowanie zawodowe do prowadzenia produkcji rolnej, a także wypadki, w których pobieranie nauki zawodu lub uczęszczanie do szkół uprawnia do dziedziczenia gospodarstwa rolnego, oraz zasady i tryb stwierdzania trwałej niezdolności do pracy.
Art. 1065. Uchylony;
Art. 1066. Uchylony;
Art. 1067. Zapis na świadczenie pieniężne;"§ 1. Do zapisu, którego przedmiotem jest świadczenie pieniężne, stosuje się odpowiednio przepis art. 216 wysokość przysługujących współwłaścicielom spłat z gospodarstwa rolnego.
§ 2. Jeżeli wykonanie zapisu prowadziłoby do podziału gospodarstwa rolnego lub wkładu gruntowego w rolniczej spółdzielni produkcyjnej, sprzecznego z zasadami prawidłowej gospodarki rolnej, spadkobierca zobowiązany do wykonania zapisu może żądać zamiany przedmiotu zapisu na świadczenie pieniężne."
Art. 1068. Uchylony;
Art. 1069. Uchylony;
Art. 1070. Podział gospodarstwa rolnego należącego do spadku;W razie podziału gospodarstwa rolnego, które należy do spadku, stosuje się odpowiednio przepisy o podziale gospodarstw rolnych przy zniesieniu współwłasności.
Art. 10701. Zbycie spadku obejmującego gospodarstwo rolne lub nieruchomość rolną;Do zbycia spadku lub części spadku lub udziału w spadku obejmującym gospodarstwo rolne lub nieruchomość rolną w rozumieniu przepisów ustawy, o której mowa w art. 166 prawo pierwokupu udziału we współwłasności nieruchomości rolnej § 3, stosuje się przepisy tej ustawy dotyczące zbycia nieruchomości rolnej.
Art. 1071. Uchylony;
Art. 1072. Uchylony;
Art. 1073. Uchylony;
Art. 1074. Uchylony;
Art. 1075. Uchylony;
Art. 1076. Uchylony;
Art. 1077. Uchylony;
Art. 1078. Uchylony;
Art. 1079. Przedmioty majątkowe wchodzące w skład spadku oprócz gospodarstwa rolnego;Jeżeli oprócz gospodarstwa rolnego spadek obejmuje inne przedmioty majątkowe, udziały spadkobierców w gospodarstwie rolnym zalicza się na poczet ich udziałów w całości spadku.
Art. 1080. Uchylony;
Art. 1081. Odpowiedzialność spadkobierców za długi rolne;Odpowiedzialność za długi spadkowe związane z prowadzeniem gospodarstwa rolnego ponosi od chwili działu spadku spadkobierca, któremu to gospodarstwo przypadło, oraz spadkobiercy otrzymujący od niego spłaty. Każdy z tych spadkobierców ponosi odpowiedzialność w stosunku do wartości otrzymanego udziału. Odpowiedzialność za inne długi ponoszą wszyscy spadkobiercy na zasadach ogólnych.
Art. 1082. Ustalenie zachowku w przypadku spadku z gospodarstwem rolnym;Jeżeli do spadku należy gospodarstwo rolne, ustalenie zachowku następuje z uwzględnieniem przepisów niniejszego tytułu, a także odpowiednio art. 216 wysokość przysługujących współwłaścicielom spłat z gospodarstwa rolnego.
Art. 1083. Uchylony;
Art. 1084. Uchylony;
Art. 1085. Uchylony;
Art. 1086. Odpowiednie stosowanie przepisów ustawy do spadku zawierającego wkład gruntowy w rolniczej spółdzielni produkcyjnej;Przepisy tytułu niniejszego stosuje się odpowiednio w wypadku, gdy do spadku należy wkład gruntowy w rolniczej spółdzielni produkcyjnej, o ile przepisy poniższe nie stanowią inaczej.
Art. 1087. Dziedziczenie wkładu gruntowego w rolniczej spółdzielni produkcyjnej;"§ 1. Należący do spadku wkład gruntowy w rolniczej spółdzielni produkcyjnej dziedziczą ci spośród spadkobierców, którzy w chwili otwarcia spadku:
1) są członkami tej spółdzielni albo
2) bądź są małoletni, bądź też pobierają naukę zawodu lub uczęszczają do szkół, albo
3) są trwale niezdolni do pracy.
§ 2. W braku spadkobierców określonych w punkcie pierwszym paragrafu poprzedzającego wkład gruntowy w rolniczej spółdzielni produkcyjnej dziedziczą również spadkobiercy, którzy pracują w gospodarstwie rolnym spółdzielni albo w ciągu sześciu miesięcy od otwarcia spadku zostaną członkami tej spółdzielni.
§ 3. Przepisy paragrafów poprzedzających dotyczą również działki przyzagrodowej i siedliskowej, jeżeli należą one do spadku."
Art. 1088. Uchylony;"----------
[Ustawa została ogłoszona 18.05.1964 r. - Dz. U. z 1964 r. poz. 93]"
